dog,0
model-and-actor,1
body,2
seminude,3
bj,4
withyou,5
person,6
animalcompany,7
artwork-dark,8
wedding,9
video-excercise,10
video-fashion,11
event,12
artwork-creative-h-and-m,13
evil-omen,14
kids,15
group,16
musician,17
lookbook,18
product,19
video-entertainment,20
food,21
zoo,22
4050,23
ceo,24
video-wedding,25
cat,26
video-club,27
video-music,28
video-sketch,29
location,30
couple,31
landscape,32
uniform,33
fashionshow,34
street,35
club,36
portrait-strong,37
good-omen,38
panorama,39
tour,40
first-birthday,41
